filename,width,height,class,xmin,ymin,xmax,ymax
100.jpg,750,564,watermark,278,261,474,303
101.jpg,750,564,watermark,278,261,474,303
102.jpg,750,564,watermark,278,261,474,303
103.jpg,750,564,watermark,278,261,474,303
104.jpg,750,564,watermark,278,261,474,303
105.jpg,750,564,watermark,278,261,474,303
106.jpg,750,564,watermark,278,261,474,303
107.jpg,750,564,watermark,278,261,474,303
109.jpg,750,564,watermark,278,261,474,303
110.jpg,750,564,watermark,278,261,474,303
111.jpg,750,564,watermark,278,261,474,303
112.jpg,750,564,watermark,278,261,474,303
113.jpg,750,564,watermark,278,261,474,303
114.jpg,750,564,watermark,278,261,474,303
115.jpg,750,564,watermark,278,261,474,303
116.jpg,750,564,watermark,278,261,474,303
117.jpg,750,564,watermark,278,261,474,303
118.jpg,750,564,watermark,278,261,474,303
119.jpg,750,564,watermark,278,261,474,303
11931206-businessman-shows-gear-to-success-Stock-Vector.jpg,650,433,watermark,15,16,85,87
11931206-businessman-shows-gear-to-success-Stock-Vector.jpg,650,433,watermark,380,13,459,87
11931206-businessman-shows-gear-to-success-Stock-Vector.jpg,650,433,watermark,572,24,635,83
11931206-businessman-shows-gear-to-success-Stock-Vector.jpg,650,433,watermark,207,22,269,84
11931206-businessman-shows-gear-to-success-Stock-Vector.jpg,650,433,watermark,23,209,83,264
11931206-businessman-shows-gear-to-success-Stock-Vector.jpg,650,433,watermark,199,203,268,269
11931206-businessman-shows-gear-to-success-Stock-Vector.jpg,650,433,watermark,393,207,450,265
11931206-businessman-shows-gear-to-success-Stock-Vector.jpg,650,433,watermark,567,199,632,270
11931206-businessman-shows-gear-to-success-Stock-Vector.jpg,650,433,watermark,573,390,632,431
11931206-businessman-shows-gear-to-success-Stock-Vector.jpg,650,433,watermark,395,385,453,431
11931206-businessman-shows-gear-to-success-Stock-Vector.jpg,650,433,watermark,204,391,267,433
11931206-businessman-shows-gear-to-success-Stock-Vector.jpg,650,433,watermark,27,382,85,432
11965178-grunge-stack-of-photos-Stock-Vector.jpg,650,433,watermark,15,16,85,87
11965178-grunge-stack-of-photos-Stock-Vector.jpg,650,433,watermark,380,13,459,87
11965178-grunge-stack-of-photos-Stock-Vector.jpg,650,433,watermark,572,24,635,83
11965178-grunge-stack-of-photos-Stock-Vector.jpg,650,433,watermark,207,22,269,84
11965178-grunge-stack-of-photos-Stock-Vector.jpg,650,433,watermark,23,209,83,264
11965178-grunge-stack-of-photos-Stock-Vector.jpg,650,433,watermark,199,203,268,269
11965178-grunge-stack-of-photos-Stock-Vector.jpg,650,433,watermark,393,207,450,265
11965178-grunge-stack-of-photos-Stock-Vector.jpg,650,433,watermark,567,199,632,270
11965178-grunge-stack-of-photos-Stock-Vector.jpg,650,433,watermark,573,390,632,431
11965178-grunge-stack-of-photos-Stock-Vector.jpg,650,433,watermark,395,385,453,431
11965178-grunge-stack-of-photos-Stock-Vector.jpg,650,433,watermark,204,391,267,433
11965178-grunge-stack-of-photos-Stock-Vector.jpg,650,433,watermark,27,382,85,432
120.jpg,750,564,watermark,278,261,474,303
121.jpg,750,564,watermark,278,261,474,303
123.jpg,750,564,watermark,278,261,474,303
124.jpg,750,564,watermark,278,261,474,303
125.jpg,750,564,watermark,278,261,474,303
12541813-the-traffic-light-trails-in-the-street-by-modern-building-Stock-Vector.jpg,650,433,watermark,15,16,85,87
12541813-the-traffic-light-trails-in-the-street-by-modern-building-Stock-Vector.jpg,650,433,watermark,380,13,459,87
12541813-the-traffic-light-trails-in-the-street-by-modern-building-Stock-Vector.jpg,650,433,watermark,572,24,635,83
12541813-the-traffic-light-trails-in-the-street-by-modern-building-Stock-Vector.jpg,650,433,watermark,207,22,269,84
12541813-the-traffic-light-trails-in-the-street-by-modern-building-Stock-Vector.jpg,650,433,watermark,23,209,83,264
12541813-the-traffic-light-trails-in-the-street-by-modern-building-Stock-Vector.jpg,650,433,watermark,199,203,268,269
12541813-the-traffic-light-trails-in-the-street-by-modern-building-Stock-Vector.jpg,650,433,watermark,393,207,450,265
12541813-the-traffic-light-trails-in-the-street-by-modern-building-Stock-Vector.jpg,650,433,watermark,567,199,632,270
12541813-the-traffic-light-trails-in-the-street-by-modern-building-Stock-Vector.jpg,650,433,watermark,573,390,632,431
12541813-the-traffic-light-trails-in-the-street-by-modern-building-Stock-Vector.jpg,650,433,watermark,395,385,453,431
12541813-the-traffic-light-trails-in-the-street-by-modern-building-Stock-Vector.jpg,650,433,watermark,204,391,267,433
12541813-the-traffic-light-trails-in-the-street-by-modern-building-Stock-Vector.jpg,650,433,watermark,27,382,85,432
12557205-dog-using-laptop-Stock-Vector.jpg,650,433,watermark,15,16,85,87
12557205-dog-using-laptop-Stock-Vector.jpg,650,433,watermark,380,13,459,87
12557205-dog-using-laptop-Stock-Vector.jpg,650,433,watermark,572,24,635,83
12557205-dog-using-laptop-Stock-Vector.jpg,650,433,watermark,207,22,269,84
12557205-dog-using-laptop-Stock-Vector.jpg,650,433,watermark,23,209,83,264
12557205-dog-using-laptop-Stock-Vector.jpg,650,433,watermark,199,203,268,269
12557205-dog-using-laptop-Stock-Vector.jpg,650,433,watermark,393,207,450,265
12557205-dog-using-laptop-Stock-Vector.jpg,650,433,watermark,567,199,632,270
12557205-dog-using-laptop-Stock-Vector.jpg,650,433,watermark,573,390,632,431
12557205-dog-using-laptop-Stock-Vector.jpg,650,433,watermark,395,385,453,431
12557205-dog-using-laptop-Stock-Vector.jpg,650,433,watermark,204,391,267,433
12557205-dog-using-laptop-Stock-Vector.jpg,650,433,watermark,27,382,85,432
127.jpg,750,564,watermark,278,261,474,303
128.jpg,750,564,watermark,278,261,474,303
129.jpg,750,564,watermark,278,261,474,303
130.jpg,750,564,watermark,278,261,474,303
131.jpg,750,564,watermark,278,261,474,303
133.jpg,750,564,watermark,278,261,474,303
134.jpg,750,564,watermark,278,261,474,303
135.jpg,750,564,watermark,278,261,474,303
13598511-group-of-happy-people-Stock-Vector.jpg,650,433,watermark,15,16,85,87
13598511-group-of-happy-people-Stock-Vector.jpg,650,433,watermark,380,13,459,87
13598511-group-of-happy-people-Stock-Vector.jpg,650,433,watermark,572,24,635,83
13598511-group-of-happy-people-Stock-Vector.jpg,650,433,watermark,207,22,269,84
13598511-group-of-happy-people-Stock-Vector.jpg,650,433,watermark,23,209,83,264
13598511-group-of-happy-people-Stock-Vector.jpg,650,433,watermark,199,203,268,269
13598511-group-of-happy-people-Stock-Vector.jpg,650,433,watermark,393,207,450,265
13598511-group-of-happy-people-Stock-Vector.jpg,650,433,watermark,567,199,632,270
13598511-group-of-happy-people-Stock-Vector.jpg,650,433,watermark,573,390,632,431
13598511-group-of-happy-people-Stock-Vector.jpg,650,433,watermark,395,385,453,431
13598511-group-of-happy-people-Stock-Vector.jpg,650,433,watermark,204,391,267,433
13598511-group-of-happy-people-Stock-Vector.jpg,650,433,watermark,27,382,85,432
136.jpg,750,564,watermark,278,261,474,303
137.jpg,750,564,watermark,278,261,474,303
138.jpg,750,564,watermark,278,261,474,303
139.jpg,750,564,watermark,278,261,474,303
140.jpg,750,564,watermark,278,261,474,303
141.jpg,750,564,watermark,278,261,474,303
142.jpg,750,564,watermark,278,261,474,303
144.jpg,750,564,watermark,278,261,474,303
145.jpg,750,564,watermark,278,261,474,303
146.jpg,750,564,watermark,278,261,474,303
147.jpg,750,564,watermark,278,261,474,303
148.jpg,750,564,watermark,278,261,474,303
14890645-river-in-tundra-on-alaska-Stock-Vector.jpg,650,433,watermark,15,16,85,87
14890645-river-in-tundra-on-alaska-Stock-Vector.jpg,650,433,watermark,380,13,459,87
14890645-river-in-tundra-on-alaska-Stock-Vector.jpg,650,433,watermark,572,24,635,83
14890645-river-in-tundra-on-alaska-Stock-Vector.jpg,650,433,watermark,207,22,269,84
14890645-river-in-tundra-on-alaska-Stock-Vector.jpg,650,433,watermark,23,209,83,264
14890645-river-in-tundra-on-alaska-Stock-Vector.jpg,650,433,watermark,199,203,268,269
14890645-river-in-tundra-on-alaska-Stock-Vector.jpg,650,433,watermark,393,207,450,265
14890645-river-in-tundra-on-alaska-Stock-Vector.jpg,650,433,watermark,567,199,632,270
14890645-river-in-tundra-on-alaska-Stock-Vector.jpg,650,433,watermark,573,390,632,431
14890645-river-in-tundra-on-alaska-Stock-Vector.jpg,650,433,watermark,395,385,453,431
14890645-river-in-tundra-on-alaska-Stock-Vector.jpg,650,433,watermark,204,391,267,433
14890645-river-in-tundra-on-alaska-Stock-Vector.jpg,650,433,watermark,27,382,85,432
149.jpg,750,564,watermark,278,261,474,303
150.jpg,750,564,watermark,278,261,474,303
151.jpg,750,564,watermark,278,261,474,303
152.jpg,750,564,watermark,278,261,474,303
153.jpg,750,564,watermark,278,261,474,303
154.jpg,750,564,watermark,278,261,474,303
155.jpg,750,564,watermark,278,261,474,303
15593278-global-business-network-Stock-Vector.jpg,650,433,watermark,15,16,85,87
15593278-global-business-network-Stock-Vector.jpg,650,433,watermark,380,13,459,87
15593278-global-business-network-Stock-Vector.jpg,650,433,watermark,572,24,635,83
15593278-global-business-network-Stock-Vector.jpg,650,433,watermark,207,22,269,84
15593278-global-business-network-Stock-Vector.jpg,650,433,watermark,23,209,83,264
15593278-global-business-network-Stock-Vector.jpg,650,433,watermark,199,203,268,269
15593278-global-business-network-Stock-Vector.jpg,650,433,watermark,393,207,450,265
15593278-global-business-network-Stock-Vector.jpg,650,433,watermark,567,199,632,270
15593278-global-business-network-Stock-Vector.jpg,650,433,watermark,573,390,632,431
15593278-global-business-network-Stock-Vector.jpg,650,433,watermark,395,385,453,431
15593278-global-business-network-Stock-Vector.jpg,650,433,watermark,204,391,267,433
15593278-global-business-network-Stock-Vector.jpg,650,433,watermark,27,382,85,432
156.jpg,750,564,watermark,278,261,474,303
157.jpg,750,564,watermark,278,261,474,303
15725944-image-of-four-businesswomen-interacting-at-meeting-Stock-Vector.jpg,650,433,watermark,15,16,85,87
15725944-image-of-four-businesswomen-interacting-at-meeting-Stock-Vector.jpg,650,433,watermark,380,13,459,87
15725944-image-of-four-businesswomen-interacting-at-meeting-Stock-Vector.jpg,650,433,watermark,572,24,635,83
15725944-image-of-four-businesswomen-interacting-at-meeting-Stock-Vector.jpg,650,433,watermark,207,22,269,84
15725944-image-of-four-businesswomen-interacting-at-meeting-Stock-Vector.jpg,650,433,watermark,23,209,83,264
15725944-image-of-four-businesswomen-interacting-at-meeting-Stock-Vector.jpg,650,433,watermark,199,203,268,269
15725944-image-of-four-businesswomen-interacting-at-meeting-Stock-Vector.jpg,650,433,watermark,393,207,450,265
15725944-image-of-four-businesswomen-interacting-at-meeting-Stock-Vector.jpg,650,433,watermark,567,199,632,270
15725944-image-of-four-businesswomen-interacting-at-meeting-Stock-Vector.jpg,650,433,watermark,573,390,632,431
15725944-image-of-four-businesswomen-interacting-at-meeting-Stock-Vector.jpg,650,433,watermark,395,385,453,431
15725944-image-of-four-businesswomen-interacting-at-meeting-Stock-Vector.jpg,650,433,watermark,204,391,267,433
15725944-image-of-four-businesswomen-interacting-at-meeting-Stock-Vector.jpg,650,433,watermark,27,382,85,432
159.jpg,750,564,watermark,278,261,474,303
16.jpg,750,564,watermark,278,261,474,303
160.jpg,750,564,watermark,278,261,474,303
161.jpg,750,564,watermark,278,261,474,303
162.jpg,750,564,watermark,278,261,474,303
163.jpg,750,564,watermark,278,261,474,303
164.jpg,750,564,watermark,278,261,474,303
165.jpg,750,564,watermark,278,261,474,303
166.jpg,750,564,watermark,278,261,474,303
167.jpg,750,564,watermark,278,261,474,303
168.jpg,750,564,watermark,278,261,474,303
17.jpg,750,564,watermark,278,261,474,303
170.jpg,750,564,watermark,278,261,474,303
171.jpg,750,564,watermark,278,261,474,303
172.jpg,750,564,watermark,278,261,474,303
173.jpg,750,564,watermark,278,261,474,303
174.jpg,750,564,watermark,278,261,474,303
175.jpg,750,564,watermark,278,261,474,303
17516548-business-people-walking-in-the-office-corridor-Stock-Vector.jpg,650,433,watermark,15,16,85,87
17516548-business-people-walking-in-the-office-corridor-Stock-Vector.jpg,650,433,watermark,380,13,459,87
17516548-business-people-walking-in-the-office-corridor-Stock-Vector.jpg,650,433,watermark,572,24,635,83
17516548-business-people-walking-in-the-office-corridor-Stock-Vector.jpg,650,433,watermark,207,22,269,84
17516548-business-people-walking-in-the-office-corridor-Stock-Vector.jpg,650,433,watermark,23,209,83,264
17516548-business-people-walking-in-the-office-corridor-Stock-Vector.jpg,650,433,watermark,199,203,268,269
17516548-business-people-walking-in-the-office-corridor-Stock-Vector.jpg,650,433,watermark,393,207,450,265
17516548-business-people-walking-in-the-office-corridor-Stock-Vector.jpg,650,433,watermark,567,199,632,270
17516548-business-people-walking-in-the-office-corridor-Stock-Vector.jpg,650,433,watermark,573,390,632,431
17516548-business-people-walking-in-the-office-corridor-Stock-Vector.jpg,650,433,watermark,395,385,453,431
17516548-business-people-walking-in-the-office-corridor-Stock-Vector.jpg,650,433,watermark,204,391,267,433
17516548-business-people-walking-in-the-office-corridor-Stock-Vector.jpg,650,433,watermark,27,382,85,432
176.jpg,750,564,watermark,278,261,474,303
177.jpg,750,564,watermark,278,261,474,303
178.jpg,750,564,watermark,278,261,474,303
179.jpg,750,564,watermark,278,261,474,303
181.jpg,750,564,watermark,278,261,474,303
18188041-sunlight-in-the-green-forest-spring-time-Stock-Vector.jpg,650,433,watermark,15,16,85,87
18188041-sunlight-in-the-green-forest-spring-time-Stock-Vector.jpg,650,433,watermark,380,13,459,87
18188041-sunlight-in-the-green-forest-spring-time-Stock-Vector.jpg,650,433,watermark,572,24,635,83
18188041-sunlight-in-the-green-forest-spring-time-Stock-Vector.jpg,650,433,watermark,207,22,269,84
18188041-sunlight-in-the-green-forest-spring-time-Stock-Vector.jpg,650,433,watermark,23,209,83,264
18188041-sunlight-in-the-green-forest-spring-time-Stock-Vector.jpg,650,433,watermark,199,203,268,269
18188041-sunlight-in-the-green-forest-spring-time-Stock-Vector.jpg,650,433,watermark,393,207,450,265
18188041-sunlight-in-the-green-forest-spring-time-Stock-Vector.jpg,650,433,watermark,567,199,632,270
18188041-sunlight-in-the-green-forest-spring-time-Stock-Vector.jpg,650,433,watermark,573,390,632,431
18188041-sunlight-in-the-green-forest-spring-time-Stock-Vector.jpg,650,433,watermark,395,385,453,431
18188041-sunlight-in-the-green-forest-spring-time-Stock-Vector.jpg,650,433,watermark,204,391,267,433
18188041-sunlight-in-the-green-forest-spring-time-Stock-Vector.jpg,650,433,watermark,27,382,85,432
182.jpg,750,564,watermark,278,261,474,303
184.jpg,750,564,watermark,278,261,474,303
186.jpg,750,564,watermark,278,261,474,303
187.jpg,750,564,watermark,278,261,474,303
188.jpg,750,564,watermark,278,261,474,303
189.jpg,750,564,watermark,278,261,474,303
19.jpg,750,564,watermark,278,261,474,303
190.jpg,750,564,watermark,278,261,474,303
19038945-baked-salmon-steak-with-spinach-and-lemon-slice-Stock-Vector.jpg,650,433,watermark,15,16,85,87
19038945-baked-salmon-steak-with-spinach-and-lemon-slice-Stock-Vector.jpg,650,433,watermark,380,13,459,87
19038945-baked-salmon-steak-with-spinach-and-lemon-slice-Stock-Vector.jpg,650,433,watermark,572,24,635,83
19038945-baked-salmon-steak-with-spinach-and-lemon-slice-Stock-Vector.jpg,650,433,watermark,207,22,269,84
19038945-baked-salmon-steak-with-spinach-and-lemon-slice-Stock-Vector.jpg,650,433,watermark,23,209,83,264
19038945-baked-salmon-steak-with-spinach-and-lemon-slice-Stock-Vector.jpg,650,433,watermark,199,203,268,269
19038945-baked-salmon-steak-with-spinach-and-lemon-slice-Stock-Vector.jpg,650,433,watermark,393,207,450,265
19038945-baked-salmon-steak-with-spinach-and-lemon-slice-Stock-Vector.jpg,650,433,watermark,567,199,632,270
19038945-baked-salmon-steak-with-spinach-and-lemon-slice-Stock-Vector.jpg,650,433,watermark,573,390,632,431
19038945-baked-salmon-steak-with-spinach-and-lemon-slice-Stock-Vector.jpg,650,433,watermark,395,385,453,431
19038945-baked-salmon-steak-with-spinach-and-lemon-slice-Stock-Vector.jpg,650,433,watermark,204,391,267,433
19038945-baked-salmon-steak-with-spinach-and-lemon-slice-Stock-Vector.jpg,650,433,watermark,27,382,85,432
191.jpg,750,564,watermark,278,261,474,303
19162922-abstract-design-with-multi-colored-lines-Stock-Vector.jpg,650,433,watermark,15,16,85,87
19162922-abstract-design-with-multi-colored-lines-Stock-Vector.jpg,650,433,watermark,380,13,459,87
19162922-abstract-design-with-multi-colored-lines-Stock-Vector.jpg,650,433,watermark,572,24,635,83
19162922-abstract-design-with-multi-colored-lines-Stock-Vector.jpg,650,433,watermark,207,22,269,84
19162922-abstract-design-with-multi-colored-lines-Stock-Vector.jpg,650,433,watermark,23,209,83,264
19162922-abstract-design-with-multi-colored-lines-Stock-Vector.jpg,650,433,watermark,199,203,268,269
19162922-abstract-design-with-multi-colored-lines-Stock-Vector.jpg,650,433,watermark,393,207,450,265
19162922-abstract-design-with-multi-colored-lines-Stock-Vector.jpg,650,433,watermark,567,199,632,270
19162922-abstract-design-with-multi-colored-lines-Stock-Vector.jpg,650,433,watermark,573,390,632,431
19162922-abstract-design-with-multi-colored-lines-Stock-Vector.jpg,650,433,watermark,395,385,453,431
19162922-abstract-design-with-multi-colored-lines-Stock-Vector.jpg,650,433,watermark,204,391,267,433
19162922-abstract-design-with-multi-colored-lines-Stock-Vector.jpg,650,433,watermark,27,382,85,432
192.jpg,750,564,watermark,278,261,474,303
193.jpg,750,564,watermark,278,261,474,303
194.jpg,750,564,watermark,278,261,474,303
195.jpg,750,564,watermark,278,261,474,303
196.jpg,750,564,watermark,278,261,474,303
197.jpg,750,564,watermark,278,261,474,303
198.jpg,750,564,watermark,278,261,474,303
199.jpg,750,564,watermark,278,261,474,303
20.jpg,750,564,watermark,278,261,474,303
200.jpg,750,564,watermark,278,261,474,303
201.jpg,750,564,watermark,278,261,474,303
202.jpg,750,564,watermark,278,261,474,303
203.jpg,750,564,watermark,278,261,474,303
204.jpg,750,564,watermark,278,261,474,303
20437127-dog-food-in-a-bowl-on-wooden-table-Stock-Vector.jpg,650,433,watermark,15,16,85,87
20437127-dog-food-in-a-bowl-on-wooden-table-Stock-Vector.jpg,650,433,watermark,380,13,459,87
20437127-dog-food-in-a-bowl-on-wooden-table-Stock-Vector.jpg,650,433,watermark,572,24,635,83
20437127-dog-food-in-a-bowl-on-wooden-table-Stock-Vector.jpg,650,433,watermark,207,22,269,84
20437127-dog-food-in-a-bowl-on-wooden-table-Stock-Vector.jpg,650,433,watermark,23,209,83,264
20437127-dog-food-in-a-bowl-on-wooden-table-Stock-Vector.jpg,650,433,watermark,199,203,268,269
20437127-dog-food-in-a-bowl-on-wooden-table-Stock-Vector.jpg,650,433,watermark,393,207,450,265
20437127-dog-food-in-a-bowl-on-wooden-table-Stock-Vector.jpg,650,433,watermark,567,199,632,270
20437127-dog-food-in-a-bowl-on-wooden-table-Stock-Vector.jpg,650,433,watermark,573,390,632,431
20437127-dog-food-in-a-bowl-on-wooden-table-Stock-Vector.jpg,650,433,watermark,395,385,453,431
20437127-dog-food-in-a-bowl-on-wooden-table-Stock-Vector.jpg,650,433,watermark,204,391,267,433
20437127-dog-food-in-a-bowl-on-wooden-table-Stock-Vector.jpg,650,433,watermark,27,382,85,432
205.jpg,750,564,watermark,278,261,474,303
206.jpg,750,564,watermark,278,261,474,303
20668045-cheerful-businesswoman-waiting-for-her-flight-at-airport-Stock-Vector.jpg,650,433,watermark,15,16,85,87
20668045-cheerful-businesswoman-waiting-for-her-flight-at-airport-Stock-Vector.jpg,650,433,watermark,380,13,459,87
20668045-cheerful-businesswoman-waiting-for-her-flight-at-airport-Stock-Vector.jpg,650,433,watermark,572,24,635,83
20668045-cheerful-businesswoman-waiting-for-her-flight-at-airport-Stock-Vector.jpg,650,433,watermark,207,22,269,84
20668045-cheerful-businesswoman-waiting-for-her-flight-at-airport-Stock-Vector.jpg,650,433,watermark,23,209,83,264
20668045-cheerful-businesswoman-waiting-for-her-flight-at-airport-Stock-Vector.jpg,650,433,watermark,199,203,268,269
20668045-cheerful-businesswoman-waiting-for-her-flight-at-airport-Stock-Vector.jpg,650,433,watermark,393,207,450,265
20668045-cheerful-businesswoman-waiting-for-her-flight-at-airport-Stock-Vector.jpg,650,433,watermark,567,199,632,270
20668045-cheerful-businesswoman-waiting-for-her-flight-at-airport-Stock-Vector.jpg,650,433,watermark,573,390,632,431
20668045-cheerful-businesswoman-waiting-for-her-flight-at-airport-Stock-Vector.jpg,650,433,watermark,395,385,453,431
20668045-cheerful-businesswoman-waiting-for-her-flight-at-airport-Stock-Vector.jpg,650,433,watermark,204,391,267,433
20668045-cheerful-businesswoman-waiting-for-her-flight-at-airport-Stock-Vector.jpg,650,433,watermark,27,382,85,432
207.jpg,750,564,watermark,278,261,474,303
208.jpg,750,564,watermark,278,261,474,303
209.jpg,750,564,watermark,278,261,474,303
20990213-young-couple-looking-at-mobile-phone-Stock-Vector.jpg,650,433,watermark,15,16,85,87
20990213-young-couple-looking-at-mobile-phone-Stock-Vector.jpg,650,433,watermark,380,13,459,87
20990213-young-couple-looking-at-mobile-phone-Stock-Vector.jpg,650,433,watermark,572,24,635,83
20990213-young-couple-looking-at-mobile-phone-Stock-Vector.jpg,650,433,watermark,207,22,269,84
20990213-young-couple-looking-at-mobile-phone-Stock-Vector.jpg,650,433,watermark,23,209,83,264
20990213-young-couple-looking-at-mobile-phone-Stock-Vector.jpg,650,433,watermark,199,203,268,269
20990213-young-couple-looking-at-mobile-phone-Stock-Vector.jpg,650,433,watermark,393,207,450,265
20990213-young-couple-looking-at-mobile-phone-Stock-Vector.jpg,650,433,watermark,567,199,632,270
20990213-young-couple-looking-at-mobile-phone-Stock-Vector.jpg,650,433,watermark,573,390,632,431
20990213-young-couple-looking-at-mobile-phone-Stock-Vector.jpg,650,433,watermark,395,385,453,431
20990213-young-couple-looking-at-mobile-phone-Stock-Vector.jpg,650,433,watermark,204,391,267,433
20990213-young-couple-looking-at-mobile-phone-Stock-Vector.jpg,650,433,watermark,27,382,85,432
21.jpg,750,564,watermark,278,261,474,303
210.jpg,750,564,watermark,278,261,474,303
211.jpg,750,564,watermark,278,261,474,303
21131228-large-group-of-young-people-enjoying-a-beach-party-Stock-Vector.jpg,650,433,watermark,15,16,85,87
21131228-large-group-of-young-people-enjoying-a-beach-party-Stock-Vector.jpg,650,433,watermark,380,13,459,87
21131228-large-group-of-young-people-enjoying-a-beach-party-Stock-Vector.jpg,650,433,watermark,572,24,635,83
21131228-large-group-of-young-people-enjoying-a-beach-party-Stock-Vector.jpg,650,433,watermark,207,22,269,84
21131228-large-group-of-young-people-enjoying-a-beach-party-Stock-Vector.jpg,650,433,watermark,23,209,83,264
21131228-large-group-of-young-people-enjoying-a-beach-party-Stock-Vector.jpg,650,433,watermark,199,203,268,269
21131228-large-group-of-young-people-enjoying-a-beach-party-Stock-Vector.jpg,650,433,watermark,393,207,450,265
21131228-large-group-of-young-people-enjoying-a-beach-party-Stock-Vector.jpg,650,433,watermark,567,199,632,270
21131228-large-group-of-young-people-enjoying-a-beach-party-Stock-Vector.jpg,650,433,watermark,573,390,632,431
21131228-large-group-of-young-people-enjoying-a-beach-party-Stock-Vector.jpg,650,433,watermark,395,385,453,431
21131228-large-group-of-young-people-enjoying-a-beach-party-Stock-Vector.jpg,650,433,watermark,204,391,267,433
21131228-large-group-of-young-people-enjoying-a-beach-party-Stock-Vector.jpg,650,433,watermark,27,382,85,432
212.jpg,750,564,watermark,278,261,474,303
213.jpg,750,564,watermark,278,261,474,303
214.jpg,750,564,watermark,278,261,474,303
215.jpg,750,564,watermark,278,261,474,303
217.jpg,750,564,watermark,278,261,474,303
218.jpg,750,564,watermark,278,261,474,303
219.jpg,750,564,watermark,278,261,474,303
22.jpg,750,564,watermark,278,261,474,303
220.jpg,750,564,watermark,278,261,474,303
221.jpg,750,564,watermark,278,261,474,303
222.jpg,750,564,watermark,278,261,474,303
223.jpg,750,564,watermark,278,261,474,303
224.jpg,750,564,watermark,278,261,474,303
225.jpg,750,564,watermark,278,261,474,303
226.jpg,750,564,watermark,278,261,474,303
228.jpg,750,564,watermark,278,261,474,303
22886691-image-of-two-young-businessmen-using-touchpad-at-meeting-Stock-Vector.jpg,650,433,watermark,15,16,85,87
22886691-image-of-two-young-businessmen-using-touchpad-at-meeting-Stock-Vector.jpg,650,433,watermark,380,13,459,87
22886691-image-of-two-young-businessmen-using-touchpad-at-meeting-Stock-Vector.jpg,650,433,watermark,572,24,635,83
22886691-image-of-two-young-businessmen-using-touchpad-at-meeting-Stock-Vector.jpg,650,433,watermark,207,22,269,84
22886691-image-of-two-young-businessmen-using-touchpad-at-meeting-Stock-Vector.jpg,650,433,watermark,23,209,83,264
22886691-image-of-two-young-businessmen-using-touchpad-at-meeting-Stock-Vector.jpg,650,433,watermark,199,203,268,269
22886691-image-of-two-young-businessmen-using-touchpad-at-meeting-Stock-Vector.jpg,650,433,watermark,393,207,450,265
22886691-image-of-two-young-businessmen-using-touchpad-at-meeting-Stock-Vector.jpg,650,433,watermark,567,199,632,270
22886691-image-of-two-young-businessmen-using-touchpad-at-meeting-Stock-Vector.jpg,650,433,watermark,573,390,632,431
22886691-image-of-two-young-businessmen-using-touchpad-at-meeting-Stock-Vector.jpg,650,433,watermark,395,385,453,431
22886691-image-of-two-young-businessmen-using-touchpad-at-meeting-Stock-Vector.jpg,650,433,watermark,204,391,267,433
22886691-image-of-two-young-businessmen-using-touchpad-at-meeting-Stock-Vector.jpg,650,433,watermark,27,382,85,432
229.jpg,750,564,watermark,278,261,474,303
23.jpg,750,564,watermark,278,261,474,303
230.jpg,750,564,watermark,278,261,474,303
232.jpg,750,564,watermark,278,261,474,303
23201833-young-fashion-woman-embracing-her-thoughtful-boyfriend-Stock-Vector.jpg,650,433,watermark,15,16,85,87
23201833-young-fashion-woman-embracing-her-thoughtful-boyfriend-Stock-Vector.jpg,650,433,watermark,380,13,459,87
23201833-young-fashion-woman-embracing-her-thoughtful-boyfriend-Stock-Vector.jpg,650,433,watermark,572,24,635,83
23201833-young-fashion-woman-embracing-her-thoughtful-boyfriend-Stock-Vector.jpg,650,433,watermark,207,22,269,84
23201833-young-fashion-woman-embracing-her-thoughtful-boyfriend-Stock-Vector.jpg,650,433,watermark,23,209,83,264
23201833-young-fashion-woman-embracing-her-thoughtful-boyfriend-Stock-Vector.jpg,650,433,watermark,199,203,268,269
23201833-young-fashion-woman-embracing-her-thoughtful-boyfriend-Stock-Vector.jpg,650,433,watermark,393,207,450,265
23201833-young-fashion-woman-embracing-her-thoughtful-boyfriend-Stock-Vector.jpg,650,433,watermark,567,199,632,270
23201833-young-fashion-woman-embracing-her-thoughtful-boyfriend-Stock-Vector.jpg,650,433,watermark,573,390,632,431
23201833-young-fashion-woman-embracing-her-thoughtful-boyfriend-Stock-Vector.jpg,650,433,watermark,395,385,453,431
23201833-young-fashion-woman-embracing-her-thoughtful-boyfriend-Stock-Vector.jpg,650,433,watermark,204,391,267,433
23201833-young-fashion-woman-embracing-her-thoughtful-boyfriend-Stock-Vector.jpg,650,433,watermark,27,382,85,432
233.jpg,750,564,watermark,278,261,474,303
234.jpg,750,564,watermark,278,261,474,303
236.jpg,750,564,watermark,278,261,474,303
237.jpg,750,564,watermark,278,261,474,303
238.jpg,750,564,watermark,278,261,474,303
239.jpg,750,564,watermark,278,261,474,303
24.jpg,750,564,watermark,278,261,474,303
240.jpg,750,564,watermark,278,261,474,303
241.jpg,750,564,watermark,278,261,474,303
242.jpg,750,564,watermark,278,261,474,303
243.jpg,750,564,watermark,278,261,474,303
245.jpg,750,564,watermark,278,261,474,303
246.jpg,750,564,watermark,278,261,474,303
247.jpg,750,564,watermark,278,261,474,303
248.jpg,750,564,watermark,278,261,474,303
249.jpg,750,564,watermark,278,261,474,303
251.jpg,750,564,watermark,278,261,474,303
25151988-reading-the-news-on-a-digital-tablet-Stock-Vector.jpg,650,433,watermark,15,16,85,87
25151988-reading-the-news-on-a-digital-tablet-Stock-Vector.jpg,650,433,watermark,380,13,459,87
25151988-reading-the-news-on-a-digital-tablet-Stock-Vector.jpg,650,433,watermark,572,24,635,83
25151988-reading-the-news-on-a-digital-tablet-Stock-Vector.jpg,650,433,watermark,207,22,269,84
25151988-reading-the-news-on-a-digital-tablet-Stock-Vector.jpg,650,433,watermark,23,209,83,264
25151988-reading-the-news-on-a-digital-tablet-Stock-Vector.jpg,650,433,watermark,199,203,268,269
25151988-reading-the-news-on-a-digital-tablet-Stock-Vector.jpg,650,433,watermark,393,207,450,265
25151988-reading-the-news-on-a-digital-tablet-Stock-Vector.jpg,650,433,watermark,567,199,632,270
25151988-reading-the-news-on-a-digital-tablet-Stock-Vector.jpg,650,433,watermark,573,390,632,431
25151988-reading-the-news-on-a-digital-tablet-Stock-Vector.jpg,650,433,watermark,395,385,453,431
25151988-reading-the-news-on-a-digital-tablet-Stock-Vector.jpg,650,433,watermark,204,391,267,433
25151988-reading-the-news-on-a-digital-tablet-Stock-Vector.jpg,650,433,watermark,27,382,85,432
252.jpg,750,564,watermark,278,261,474,303
254.jpg,750,564,watermark,278,261,474,303
255.jpg,750,564,watermark,278,261,474,303
256.jpg,750,564,watermark,278,261,474,303
257.jpg,750,564,watermark,278,261,474,303
258.jpg,750,564,watermark,278,261,474,303
259.jpg,750,564,watermark,278,261,474,303
25970204-sleepy-beagle-dog-in-funny-glasses-near-laptop-Stock-Vector.jpg,650,433,watermark,15,16,85,87
25970204-sleepy-beagle-dog-in-funny-glasses-near-laptop-Stock-Vector.jpg,650,433,watermark,380,13,459,87
25970204-sleepy-beagle-dog-in-funny-glasses-near-laptop-Stock-Vector.jpg,650,433,watermark,572,24,635,83
25970204-sleepy-beagle-dog-in-funny-glasses-near-laptop-Stock-Vector.jpg,650,433,watermark,207,22,269,84
25970204-sleepy-beagle-dog-in-funny-glasses-near-laptop-Stock-Vector.jpg,650,433,watermark,23,209,83,264
25970204-sleepy-beagle-dog-in-funny-glasses-near-laptop-Stock-Vector.jpg,650,433,watermark,199,203,268,269
25970204-sleepy-beagle-dog-in-funny-glasses-near-laptop-Stock-Vector.jpg,650,433,watermark,393,207,450,265
25970204-sleepy-beagle-dog-in-funny-glasses-near-laptop-Stock-Vector.jpg,650,433,watermark,567,199,632,270
25970204-sleepy-beagle-dog-in-funny-glasses-near-laptop-Stock-Vector.jpg,650,433,watermark,573,390,632,431
25970204-sleepy-beagle-dog-in-funny-glasses-near-laptop-Stock-Vector.jpg,650,433,watermark,395,385,453,431
25970204-sleepy-beagle-dog-in-funny-glasses-near-laptop-Stock-Vector.jpg,650,433,watermark,204,391,267,433
25970204-sleepy-beagle-dog-in-funny-glasses-near-laptop-Stock-Vector.jpg,650,433,watermark,27,382,85,432
26.jpg,750,564,watermark,278,261,474,303
260.jpg,750,564,watermark,278,261,474,303
261.jpg,750,564,watermark,278,261,474,303
262.jpg,750,564,watermark,278,261,474,303
263.jpg,750,564,watermark,278,261,474,303
264.jpg,750,564,watermark,278,261,474,303
267.jpg,750,564,watermark,278,261,474,303
269.jpg,750,564,watermark,278,261,474,303
27.jpg,750,564,watermark,278,261,474,303
270.jpg,750,564,watermark,278,261,474,303
271.jpg,750,564,watermark,278,261,474,303
27577637-dog-taking-a-selfie-with-a-smartphone-Stock-Vector.jpg,650,433,watermark,15,16,85,87
27577637-dog-taking-a-selfie-with-a-smartphone-Stock-Vector.jpg,650,433,watermark,380,13,459,87
27577637-dog-taking-a-selfie-with-a-smartphone-Stock-Vector.jpg,650,433,watermark,572,24,635,83
27577637-dog-taking-a-selfie-with-a-smartphone-Stock-Vector.jpg,650,433,watermark,207,22,269,84
27577637-dog-taking-a-selfie-with-a-smartphone-Stock-Vector.jpg,650,433,watermark,23,209,83,264
27577637-dog-taking-a-selfie-with-a-smartphone-Stock-Vector.jpg,650,433,watermark,199,203,268,269
27577637-dog-taking-a-selfie-with-a-smartphone-Stock-Vector.jpg,650,433,watermark,393,207,450,265
27577637-dog-taking-a-selfie-with-a-smartphone-Stock-Vector.jpg,650,433,watermark,567,199,632,270
27577637-dog-taking-a-selfie-with-a-smartphone-Stock-Vector.jpg,650,433,watermark,573,390,632,431
27577637-dog-taking-a-selfie-with-a-smartphone-Stock-Vector.jpg,650,433,watermark,395,385,453,431
27577637-dog-taking-a-selfie-with-a-smartphone-Stock-Vector.jpg,650,433,watermark,204,391,267,433
27577637-dog-taking-a-selfie-with-a-smartphone-Stock-Vector.jpg,650,433,watermark,27,382,85,432
28.jpg,750,564,watermark,278,261,474,303
28218733-cycling-Stock-Vector.jpg,650,433,watermark,15,16,85,87
28218733-cycling-Stock-Vector.jpg,650,433,watermark,380,13,459,87
28218733-cycling-Stock-Vector.jpg,650,433,watermark,572,24,635,83
28218733-cycling-Stock-Vector.jpg,650,433,watermark,207,22,269,84
28218733-cycling-Stock-Vector.jpg,650,433,watermark,23,209,83,264
28218733-cycling-Stock-Vector.jpg,650,433,watermark,199,203,268,269
28218733-cycling-Stock-Vector.jpg,650,433,watermark,393,207,450,265
28218733-cycling-Stock-Vector.jpg,650,433,watermark,567,199,632,270
28218733-cycling-Stock-Vector.jpg,650,433,watermark,573,390,632,431
28218733-cycling-Stock-Vector.jpg,650,433,watermark,395,385,453,431
28218733-cycling-Stock-Vector.jpg,650,433,watermark,204,391,267,433
28218733-cycling-Stock-Vector.jpg,650,433,watermark,27,382,85,432
29.jpg,750,564,watermark,278,261,474,303
29205601-friends-taking-photo-of-themselves-Stock-Vector.jpg,650,433,watermark,15,16,85,87
29205601-friends-taking-photo-of-themselves-Stock-Vector.jpg,650,433,watermark,380,13,459,87
29205601-friends-taking-photo-of-themselves-Stock-Vector.jpg,650,433,watermark,572,24,635,83
29205601-friends-taking-photo-of-themselves-Stock-Vector.jpg,650,433,watermark,207,22,269,84
29205601-friends-taking-photo-of-themselves-Stock-Vector.jpg,650,433,watermark,23,209,83,264
29205601-friends-taking-photo-of-themselves-Stock-Vector.jpg,650,433,watermark,199,203,268,269
29205601-friends-taking-photo-of-themselves-Stock-Vector.jpg,650,433,watermark,393,207,450,265
29205601-friends-taking-photo-of-themselves-Stock-Vector.jpg,650,433,watermark,567,199,632,270
29205601-friends-taking-photo-of-themselves-Stock-Vector.jpg,650,433,watermark,573,390,632,431
29205601-friends-taking-photo-of-themselves-Stock-Vector.jpg,650,433,watermark,395,385,453,431
29205601-friends-taking-photo-of-themselves-Stock-Vector.jpg,650,433,watermark,204,391,267,433
29205601-friends-taking-photo-of-themselves-Stock-Vector.jpg,650,433,watermark,27,382,85,432
29747938-friends-taking-selfie-at-top-of-mountain-Stock-Vector.jpg,650,433,watermark,15,16,85,87
29747938-friends-taking-selfie-at-top-of-mountain-Stock-Vector.jpg,650,433,watermark,380,13,459,87
29747938-friends-taking-selfie-at-top-of-mountain-Stock-Vector.jpg,650,433,watermark,572,24,635,83
29747938-friends-taking-selfie-at-top-of-mountain-Stock-Vector.jpg,650,433,watermark,207,22,269,84
29747938-friends-taking-selfie-at-top-of-mountain-Stock-Vector.jpg,650,433,watermark,23,209,83,264
29747938-friends-taking-selfie-at-top-of-mountain-Stock-Vector.jpg,650,433,watermark,199,203,268,269
29747938-friends-taking-selfie-at-top-of-mountain-Stock-Vector.jpg,650,433,watermark,393,207,450,265
29747938-friends-taking-selfie-at-top-of-mountain-Stock-Vector.jpg,650,433,watermark,567,199,632,270
29747938-friends-taking-selfie-at-top-of-mountain-Stock-Vector.jpg,650,433,watermark,573,390,632,431
29747938-friends-taking-selfie-at-top-of-mountain-Stock-Vector.jpg,650,433,watermark,395,385,453,431
29747938-friends-taking-selfie-at-top-of-mountain-Stock-Vector.jpg,650,433,watermark,204,391,267,433
29747938-friends-taking-selfie-at-top-of-mountain-Stock-Vector.jpg,650,433,watermark,27,382,85,432
30.jpg,750,564,watermark,278,261,474,303
31913386-roasted-duck-with-fruits-for-christmas-Stock-Vector.jpg,650,433,watermark,15,16,85,87
31913386-roasted-duck-with-fruits-for-christmas-Stock-Vector.jpg,650,433,watermark,380,13,459,87
31913386-roasted-duck-with-fruits-for-christmas-Stock-Vector.jpg,650,433,watermark,572,24,635,83
31913386-roasted-duck-with-fruits-for-christmas-Stock-Vector.jpg,650,433,watermark,207,22,269,84
31913386-roasted-duck-with-fruits-for-christmas-Stock-Vector.jpg,650,433,watermark,23,209,83,264
31913386-roasted-duck-with-fruits-for-christmas-Stock-Vector.jpg,650,433,watermark,199,203,268,269
31913386-roasted-duck-with-fruits-for-christmas-Stock-Vector.jpg,650,433,watermark,393,207,450,265
31913386-roasted-duck-with-fruits-for-christmas-Stock-Vector.jpg,650,433,watermark,567,199,632,270
31913386-roasted-duck-with-fruits-for-christmas-Stock-Vector.jpg,650,433,watermark,573,390,632,431
31913386-roasted-duck-with-fruits-for-christmas-Stock-Vector.jpg,650,433,watermark,395,385,453,431
31913386-roasted-duck-with-fruits-for-christmas-Stock-Vector.jpg,650,433,watermark,204,391,267,433
31913386-roasted-duck-with-fruits-for-christmas-Stock-Vector.jpg,650,433,watermark,27,382,85,432
32.jpg,750,564,watermark,278,261,474,303
33.jpg,750,564,watermark,278,261,474,303
34.jpg,750,564,watermark,278,261,474,303
35.jpg,750,564,watermark,278,261,474,303
36.jpg,750,564,watermark,278,261,474,303
36130753-oatmeal-with-berries-and-nuts-Stock-Vector.jpg,650,433,watermark,15,16,85,87
36130753-oatmeal-with-berries-and-nuts-Stock-Vector.jpg,650,433,watermark,380,13,459,87
36130753-oatmeal-with-berries-and-nuts-Stock-Vector.jpg,650,433,watermark,572,24,635,83
36130753-oatmeal-with-berries-and-nuts-Stock-Vector.jpg,650,433,watermark,207,22,269,84
36130753-oatmeal-with-berries-and-nuts-Stock-Vector.jpg,650,433,watermark,23,209,83,264
36130753-oatmeal-with-berries-and-nuts-Stock-Vector.jpg,650,433,watermark,199,203,268,269
36130753-oatmeal-with-berries-and-nuts-Stock-Vector.jpg,650,433,watermark,393,207,450,265
36130753-oatmeal-with-berries-and-nuts-Stock-Vector.jpg,650,433,watermark,567,199,632,270
36130753-oatmeal-with-berries-and-nuts-Stock-Vector.jpg,650,433,watermark,573,390,632,431
36130753-oatmeal-with-berries-and-nuts-Stock-Vector.jpg,650,433,watermark,395,385,453,431
36130753-oatmeal-with-berries-and-nuts-Stock-Vector.jpg,650,433,watermark,204,391,267,433
36130753-oatmeal-with-berries-and-nuts-Stock-Vector.jpg,650,433,watermark,27,382,85,432
36173282-people-in-bokeh-street-of-london-Stock-Vector.jpg,650,433,watermark,15,16,85,87
36173282-people-in-bokeh-street-of-london-Stock-Vector.jpg,650,433,watermark,380,13,459,87
36173282-people-in-bokeh-street-of-london-Stock-Vector.jpg,650,433,watermark,572,24,635,83
36173282-people-in-bokeh-street-of-london-Stock-Vector.jpg,650,433,watermark,207,22,269,84
36173282-people-in-bokeh-street-of-london-Stock-Vector.jpg,650,433,watermark,23,209,83,264
36173282-people-in-bokeh-street-of-london-Stock-Vector.jpg,650,433,watermark,199,203,268,269
36173282-people-in-bokeh-street-of-london-Stock-Vector.jpg,650,433,watermark,393,207,450,265
36173282-people-in-bokeh-street-of-london-Stock-Vector.jpg,650,433,watermark,567,199,632,270
36173282-people-in-bokeh-street-of-london-Stock-Vector.jpg,650,433,watermark,573,390,632,431
36173282-people-in-bokeh-street-of-london-Stock-Vector.jpg,650,433,watermark,395,385,453,431
36173282-people-in-bokeh-street-of-london-Stock-Vector.jpg,650,433,watermark,204,391,267,433
36173282-people-in-bokeh-street-of-london-Stock-Vector.jpg,650,433,watermark,27,382,85,432
36496198-tuscany-sunrise-Stock-Vector.jpg,650,433,watermark,15,16,85,87
36496198-tuscany-sunrise-Stock-Vector.jpg,650,433,watermark,380,13,459,87
36496198-tuscany-sunrise-Stock-Vector.jpg,650,433,watermark,572,24,635,83
36496198-tuscany-sunrise-Stock-Vector.jpg,650,433,watermark,207,22,269,84
36496198-tuscany-sunrise-Stock-Vector.jpg,650,433,watermark,23,209,83,264
36496198-tuscany-sunrise-Stock-Vector.jpg,650,433,watermark,199,203,268,269
36496198-tuscany-sunrise-Stock-Vector.jpg,650,433,watermark,393,207,450,265
36496198-tuscany-sunrise-Stock-Vector.jpg,650,433,watermark,567,199,632,270
36496198-tuscany-sunrise-Stock-Vector.jpg,650,433,watermark,573,390,632,431
36496198-tuscany-sunrise-Stock-Vector.jpg,650,433,watermark,395,385,453,431
36496198-tuscany-sunrise-Stock-Vector.jpg,650,433,watermark,204,391,267,433
36496198-tuscany-sunrise-Stock-Vector.jpg,650,433,watermark,27,382,85,432
37.jpg,750,564,watermark,278,261,474,303
38.jpg,750,564,watermark,278,261,474,303
39.jpg,750,564,watermark,278,261,474,303
39053725-closeup-image-of-a-gym-interior-with-equipment-Stock-Vector.jpg,650,433,watermark,15,16,85,87
39053725-closeup-image-of-a-gym-interior-with-equipment-Stock-Vector.jpg,650,433,watermark,380,13,459,87
39053725-closeup-image-of-a-gym-interior-with-equipment-Stock-Vector.jpg,650,433,watermark,572,24,635,83
39053725-closeup-image-of-a-gym-interior-with-equipment-Stock-Vector.jpg,650,433,watermark,207,22,269,84
39053725-closeup-image-of-a-gym-interior-with-equipment-Stock-Vector.jpg,650,433,watermark,23,209,83,264
39053725-closeup-image-of-a-gym-interior-with-equipment-Stock-Vector.jpg,650,433,watermark,199,203,268,269
39053725-closeup-image-of-a-gym-interior-with-equipment-Stock-Vector.jpg,650,433,watermark,393,207,450,265
39053725-closeup-image-of-a-gym-interior-with-equipment-Stock-Vector.jpg,650,433,watermark,567,199,632,270
39053725-closeup-image-of-a-gym-interior-with-equipment-Stock-Vector.jpg,650,433,watermark,573,390,632,431
39053725-closeup-image-of-a-gym-interior-with-equipment-Stock-Vector.jpg,650,433,watermark,395,385,453,431
39053725-closeup-image-of-a-gym-interior-with-equipment-Stock-Vector.jpg,650,433,watermark,204,391,267,433
39053725-closeup-image-of-a-gym-interior-with-equipment-Stock-Vector.jpg,650,433,watermark,27,382,85,432
39335771-healthy-food-in-heart-diet-abstract-concept-Stock-Vector.jpg,650,433,watermark,15,16,85,87
39335771-healthy-food-in-heart-diet-abstract-concept-Stock-Vector.jpg,650,433,watermark,380,13,459,87
39335771-healthy-food-in-heart-diet-abstract-concept-Stock-Vector.jpg,650,433,watermark,572,24,635,83
39335771-healthy-food-in-heart-diet-abstract-concept-Stock-Vector.jpg,650,433,watermark,207,22,269,84
39335771-healthy-food-in-heart-diet-abstract-concept-Stock-Vector.jpg,650,433,watermark,23,209,83,264
39335771-healthy-food-in-heart-diet-abstract-concept-Stock-Vector.jpg,650,433,watermark,199,203,268,269
39335771-healthy-food-in-heart-diet-abstract-concept-Stock-Vector.jpg,650,433,watermark,393,207,450,265
39335771-healthy-food-in-heart-diet-abstract-concept-Stock-Vector.jpg,650,433,watermark,567,199,632,270
39335771-healthy-food-in-heart-diet-abstract-concept-Stock-Vector.jpg,650,433,watermark,573,390,632,431
39335771-healthy-food-in-heart-diet-abstract-concept-Stock-Vector.jpg,650,433,watermark,395,385,453,431
39335771-healthy-food-in-heart-diet-abstract-concept-Stock-Vector.jpg,650,433,watermark,204,391,267,433
39335771-healthy-food-in-heart-diet-abstract-concept-Stock-Vector.jpg,650,433,watermark,27,382,85,432
40.jpg,750,564,watermark,278,261,474,303
41.jpg,750,564,watermark,278,261,474,303
42184280-architecture-architecture-design-and-model-my-own-Stock-Vector.jpg,650,433,watermark,15,16,85,87
42184280-architecture-architecture-design-and-model-my-own-Stock-Vector.jpg,650,433,watermark,380,13,459,87
42184280-architecture-architecture-design-and-model-my-own-Stock-Vector.jpg,650,433,watermark,572,24,635,83
42184280-architecture-architecture-design-and-model-my-own-Stock-Vector.jpg,650,433,watermark,207,22,269,84
42184280-architecture-architecture-design-and-model-my-own-Stock-Vector.jpg,650,433,watermark,23,209,83,264
42184280-architecture-architecture-design-and-model-my-own-Stock-Vector.jpg,650,433,watermark,199,203,268,269
42184280-architecture-architecture-design-and-model-my-own-Stock-Vector.jpg,650,433,watermark,393,207,450,265
42184280-architecture-architecture-design-and-model-my-own-Stock-Vector.jpg,650,433,watermark,567,199,632,270
42184280-architecture-architecture-design-and-model-my-own-Stock-Vector.jpg,650,433,watermark,573,390,632,431
42184280-architecture-architecture-design-and-model-my-own-Stock-Vector.jpg,650,433,watermark,395,385,453,431
42184280-architecture-architecture-design-and-model-my-own-Stock-Vector.jpg,650,433,watermark,204,391,267,433
42184280-architecture-architecture-design-and-model-my-own-Stock-Vector.jpg,650,433,watermark,27,382,85,432
43756399-windows-in-modern-office-building-Stock-Vector.jpg,650,433,watermark,15,16,85,87
43756399-windows-in-modern-office-building-Stock-Vector.jpg,650,433,watermark,380,13,459,87
43756399-windows-in-modern-office-building-Stock-Vector.jpg,650,433,watermark,572,24,635,83
43756399-windows-in-modern-office-building-Stock-Vector.jpg,650,433,watermark,207,22,269,84
43756399-windows-in-modern-office-building-Stock-Vector.jpg,650,433,watermark,23,209,83,264
43756399-windows-in-modern-office-building-Stock-Vector.jpg,650,433,watermark,199,203,268,269
43756399-windows-in-modern-office-building-Stock-Vector.jpg,650,433,watermark,393,207,450,265
43756399-windows-in-modern-office-building-Stock-Vector.jpg,650,433,watermark,567,199,632,270
43756399-windows-in-modern-office-building-Stock-Vector.jpg,650,433,watermark,573,390,632,431
43756399-windows-in-modern-office-building-Stock-Vector.jpg,650,433,watermark,395,385,453,431
43756399-windows-in-modern-office-building-Stock-Vector.jpg,650,433,watermark,204,391,267,433
43756399-windows-in-modern-office-building-Stock-Vector.jpg,650,433,watermark,27,382,85,432
43878009-toscany-landscape-sunflowers-Stock-Vector.jpg,650,433,watermark,15,16,85,87
43878009-toscany-landscape-sunflowers-Stock-Vector.jpg,650,433,watermark,380,13,459,87
43878009-toscany-landscape-sunflowers-Stock-Vector.jpg,650,433,watermark,572,24,635,83
43878009-toscany-landscape-sunflowers-Stock-Vector.jpg,650,433,watermark,207,22,269,84
43878009-toscany-landscape-sunflowers-Stock-Vector.jpg,650,433,watermark,23,209,83,264
43878009-toscany-landscape-sunflowers-Stock-Vector.jpg,650,433,watermark,199,203,268,269
43878009-toscany-landscape-sunflowers-Stock-Vector.jpg,650,433,watermark,393,207,450,265
43878009-toscany-landscape-sunflowers-Stock-Vector.jpg,650,433,watermark,567,199,632,270
43878009-toscany-landscape-sunflowers-Stock-Vector.jpg,650,433,watermark,573,390,632,431
43878009-toscany-landscape-sunflowers-Stock-Vector.jpg,650,433,watermark,395,385,453,431
43878009-toscany-landscape-sunflowers-Stock-Vector.jpg,650,433,watermark,204,391,267,433
43878009-toscany-landscape-sunflowers-Stock-Vector.jpg,650,433,watermark,27,382,85,432
44.jpg,750,564,watermark,278,261,474,303
45.jpg,750,564,watermark,278,261,474,303
45095245-young-latin-man-taking-a-selfie-technology-concept-Stock-Vector.jpg,650,433,watermark,15,16,85,87
45095245-young-latin-man-taking-a-selfie-technology-concept-Stock-Vector.jpg,650,433,watermark,380,13,459,87
45095245-young-latin-man-taking-a-selfie-technology-concept-Stock-Vector.jpg,650,433,watermark,572,24,635,83
45095245-young-latin-man-taking-a-selfie-technology-concept-Stock-Vector.jpg,650,433,watermark,207,22,269,84
45095245-young-latin-man-taking-a-selfie-technology-concept-Stock-Vector.jpg,650,433,watermark,23,209,83,264
45095245-young-latin-man-taking-a-selfie-technology-concept-Stock-Vector.jpg,650,433,watermark,199,203,268,269
45095245-young-latin-man-taking-a-selfie-technology-concept-Stock-Vector.jpg,650,433,watermark,393,207,450,265
45095245-young-latin-man-taking-a-selfie-technology-concept-Stock-Vector.jpg,650,433,watermark,567,199,632,270
45095245-young-latin-man-taking-a-selfie-technology-concept-Stock-Vector.jpg,650,433,watermark,573,390,632,431
45095245-young-latin-man-taking-a-selfie-technology-concept-Stock-Vector.jpg,650,433,watermark,395,385,453,431
45095245-young-latin-man-taking-a-selfie-technology-concept-Stock-Vector.jpg,650,433,watermark,204,391,267,433
45095245-young-latin-man-taking-a-selfie-technology-concept-Stock-Vector.jpg,650,433,watermark,27,382,85,432
45779087-young-man-with-his-dog-at-the-sunrise-Stock-Vector.jpg,650,433,watermark,15,16,85,87
45779087-young-man-with-his-dog-at-the-sunrise-Stock-Vector.jpg,650,433,watermark,380,13,459,87
45779087-young-man-with-his-dog-at-the-sunrise-Stock-Vector.jpg,650,433,watermark,572,24,635,83
45779087-young-man-with-his-dog-at-the-sunrise-Stock-Vector.jpg,650,433,watermark,207,22,269,84
45779087-young-man-with-his-dog-at-the-sunrise-Stock-Vector.jpg,650,433,watermark,23,209,83,264
45779087-young-man-with-his-dog-at-the-sunrise-Stock-Vector.jpg,650,433,watermark,199,203,268,269
45779087-young-man-with-his-dog-at-the-sunrise-Stock-Vector.jpg,650,433,watermark,393,207,450,265
45779087-young-man-with-his-dog-at-the-sunrise-Stock-Vector.jpg,650,433,watermark,567,199,632,270
45779087-young-man-with-his-dog-at-the-sunrise-Stock-Vector.jpg,650,433,watermark,573,390,632,431
45779087-young-man-with-his-dog-at-the-sunrise-Stock-Vector.jpg,650,433,watermark,395,385,453,431
45779087-young-man-with-his-dog-at-the-sunrise-Stock-Vector.jpg,650,433,watermark,204,391,267,433
45779087-young-man-with-his-dog-at-the-sunrise-Stock-Vector.jpg,650,433,watermark,27,382,85,432
46.jpg,750,564,watermark,278,261,474,303
47.jpg,750,564,watermark,278,261,474,303
48094330-interiors-classical-library-in-a-period-mansion-Stock-Vector.jpg,650,433,watermark,15,16,85,87
48094330-interiors-classical-library-in-a-period-mansion-Stock-Vector.jpg,650,433,watermark,380,13,459,87
48094330-interiors-classical-library-in-a-period-mansion-Stock-Vector.jpg,650,433,watermark,572,24,635,83
48094330-interiors-classical-library-in-a-period-mansion-Stock-Vector.jpg,650,433,watermark,207,22,269,84
48094330-interiors-classical-library-in-a-period-mansion-Stock-Vector.jpg,650,433,watermark,23,209,83,264
48094330-interiors-classical-library-in-a-period-mansion-Stock-Vector.jpg,650,433,watermark,199,203,268,269
48094330-interiors-classical-library-in-a-period-mansion-Stock-Vector.jpg,650,433,watermark,393,207,450,265
48094330-interiors-classical-library-in-a-period-mansion-Stock-Vector.jpg,650,433,watermark,567,199,632,270
48094330-interiors-classical-library-in-a-period-mansion-Stock-Vector.jpg,650,433,watermark,573,390,632,431
48094330-interiors-classical-library-in-a-period-mansion-Stock-Vector.jpg,650,433,watermark,395,385,453,431
48094330-interiors-classical-library-in-a-period-mansion-Stock-Vector.jpg,650,433,watermark,204,391,267,433
48094330-interiors-classical-library-in-a-period-mansion-Stock-Vector.jpg,650,433,watermark,27,382,85,432
48837078-cliff-jumping-into-the-ocean-at-sunset-summer-fun-lifestyle-Stock-Vector.jpg,650,433,watermark,15,16,85,87
48837078-cliff-jumping-into-the-ocean-at-sunset-summer-fun-lifestyle-Stock-Vector.jpg,650,433,watermark,380,13,459,87
48837078-cliff-jumping-into-the-ocean-at-sunset-summer-fun-lifestyle-Stock-Vector.jpg,650,433,watermark,572,24,635,83
48837078-cliff-jumping-into-the-ocean-at-sunset-summer-fun-lifestyle-Stock-Vector.jpg,650,433,watermark,207,22,269,84
48837078-cliff-jumping-into-the-ocean-at-sunset-summer-fun-lifestyle-Stock-Vector.jpg,650,433,watermark,23,209,83,264
48837078-cliff-jumping-into-the-ocean-at-sunset-summer-fun-lifestyle-Stock-Vector.jpg,650,433,watermark,199,203,268,269
48837078-cliff-jumping-into-the-ocean-at-sunset-summer-fun-lifestyle-Stock-Vector.jpg,650,433,watermark,393,207,450,265
48837078-cliff-jumping-into-the-ocean-at-sunset-summer-fun-lifestyle-Stock-Vector.jpg,650,433,watermark,567,199,632,270
48837078-cliff-jumping-into-the-ocean-at-sunset-summer-fun-lifestyle-Stock-Vector.jpg,650,433,watermark,573,390,632,431
48837078-cliff-jumping-into-the-ocean-at-sunset-summer-fun-lifestyle-Stock-Vector.jpg,650,433,watermark,395,385,453,431
48837078-cliff-jumping-into-the-ocean-at-sunset-summer-fun-lifestyle-Stock-Vector.jpg,650,433,watermark,204,391,267,433
48837078-cliff-jumping-into-the-ocean-at-sunset-summer-fun-lifestyle-Stock-Vector.jpg,650,433,watermark,27,382,85,432
49.jpg,750,564,watermark,278,261,474,303
50002896-woman-runner-hold-her-sports-injured-leg-Stock-Vector.jpg,650,433,watermark,15,16,85,87
50002896-woman-runner-hold-her-sports-injured-leg-Stock-Vector.jpg,650,433,watermark,380,13,459,87
50002896-woman-runner-hold-her-sports-injured-leg-Stock-Vector.jpg,650,433,watermark,572,24,635,83
50002896-woman-runner-hold-her-sports-injured-leg-Stock-Vector.jpg,650,433,watermark,207,22,269,84
50002896-woman-runner-hold-her-sports-injured-leg-Stock-Vector.jpg,650,433,watermark,23,209,83,264
50002896-woman-runner-hold-her-sports-injured-leg-Stock-Vector.jpg,650,433,watermark,199,203,268,269
50002896-woman-runner-hold-her-sports-injured-leg-Stock-Vector.jpg,650,433,watermark,393,207,450,265
50002896-woman-runner-hold-her-sports-injured-leg-Stock-Vector.jpg,650,433,watermark,567,199,632,270
50002896-woman-runner-hold-her-sports-injured-leg-Stock-Vector.jpg,650,433,watermark,573,390,632,431
50002896-woman-runner-hold-her-sports-injured-leg-Stock-Vector.jpg,650,433,watermark,395,385,453,431
50002896-woman-runner-hold-her-sports-injured-leg-Stock-Vector.jpg,650,433,watermark,204,391,267,433
50002896-woman-runner-hold-her-sports-injured-leg-Stock-Vector.jpg,650,433,watermark,27,382,85,432
51.jpg,750,564,watermark,278,261,474,303
52.jpg,750,564,watermark,278,261,474,303
53.jpg,750,564,watermark,278,261,474,303
54.jpg,750,564,watermark,278,261,474,303
55.jpg,750,564,watermark,278,261,474,303
56.jpg,750,564,watermark,278,261,474,303
57.jpg,750,564,watermark,278,261,474,303
58.jpg,750,564,watermark,278,261,474,303
59.jpg,750,564,watermark,278,261,474,303
5994387-modern-geometric-skyscrapers-Stock-Vector.jpg,650,433,watermark,15,16,85,87
5994387-modern-geometric-skyscrapers-Stock-Vector.jpg,650,433,watermark,380,13,459,87
5994387-modern-geometric-skyscrapers-Stock-Vector.jpg,650,433,watermark,572,24,635,83
5994387-modern-geometric-skyscrapers-Stock-Vector.jpg,650,433,watermark,207,22,269,84
5994387-modern-geometric-skyscrapers-Stock-Vector.jpg,650,433,watermark,23,209,83,264
5994387-modern-geometric-skyscrapers-Stock-Vector.jpg,650,433,watermark,199,203,268,269
5994387-modern-geometric-skyscrapers-Stock-Vector.jpg,650,433,watermark,393,207,450,265
5994387-modern-geometric-skyscrapers-Stock-Vector.jpg,650,433,watermark,567,199,632,270
5994387-modern-geometric-skyscrapers-Stock-Vector.jpg,650,433,watermark,573,390,632,431
5994387-modern-geometric-skyscrapers-Stock-Vector.jpg,650,433,watermark,395,385,453,431
5994387-modern-geometric-skyscrapers-Stock-Vector.jpg,650,433,watermark,204,391,267,433
5994387-modern-geometric-skyscrapers-Stock-Vector.jpg,650,433,watermark,27,382,85,432
61.jpg,750,564,watermark,278,261,474,303
6199936-beautiful-lion-wild-male-animal-portrait-king-of-jungle-Stock-Vector.jpg,650,433,watermark,15,16,85,87
6199936-beautiful-lion-wild-male-animal-portrait-king-of-jungle-Stock-Vector.jpg,650,433,watermark,380,13,459,87
6199936-beautiful-lion-wild-male-animal-portrait-king-of-jungle-Stock-Vector.jpg,650,433,watermark,572,24,635,83
6199936-beautiful-lion-wild-male-animal-portrait-king-of-jungle-Stock-Vector.jpg,650,433,watermark,207,22,269,84
6199936-beautiful-lion-wild-male-animal-portrait-king-of-jungle-Stock-Vector.jpg,650,433,watermark,23,209,83,264
6199936-beautiful-lion-wild-male-animal-portrait-king-of-jungle-Stock-Vector.jpg,650,433,watermark,199,203,268,269
6199936-beautiful-lion-wild-male-animal-portrait-king-of-jungle-Stock-Vector.jpg,650,433,watermark,393,207,450,265
6199936-beautiful-lion-wild-male-animal-portrait-king-of-jungle-Stock-Vector.jpg,650,433,watermark,567,199,632,270
6199936-beautiful-lion-wild-male-animal-portrait-king-of-jungle-Stock-Vector.jpg,650,433,watermark,573,390,632,431
6199936-beautiful-lion-wild-male-animal-portrait-king-of-jungle-Stock-Vector.jpg,650,433,watermark,395,385,453,431
6199936-beautiful-lion-wild-male-animal-portrait-king-of-jungle-Stock-Vector.jpg,650,433,watermark,204,391,267,433
6199936-beautiful-lion-wild-male-animal-portrait-king-of-jungle-Stock-Vector.jpg,650,433,watermark,27,382,85,432
62.jpg,750,564,watermark,278,261,474,303
64.jpg,750,564,watermark,278,261,474,303
644933-the-burning-candles-balls-and-gold-ribbons-it-are-christmas-Stock-Vector.jpg,650,433,watermark,15,16,85,87
644933-the-burning-candles-balls-and-gold-ribbons-it-are-christmas-Stock-Vector.jpg,650,433,watermark,380,13,459,87
644933-the-burning-candles-balls-and-gold-ribbons-it-are-christmas-Stock-Vector.jpg,650,433,watermark,572,24,635,83
644933-the-burning-candles-balls-and-gold-ribbons-it-are-christmas-Stock-Vector.jpg,650,433,watermark,207,22,269,84
644933-the-burning-candles-balls-and-gold-ribbons-it-are-christmas-Stock-Vector.jpg,650,433,watermark,23,209,83,264
644933-the-burning-candles-balls-and-gold-ribbons-it-are-christmas-Stock-Vector.jpg,650,433,watermark,199,203,268,269
644933-the-burning-candles-balls-and-gold-ribbons-it-are-christmas-Stock-Vector.jpg,650,433,watermark,393,207,450,265
644933-the-burning-candles-balls-and-gold-ribbons-it-are-christmas-Stock-Vector.jpg,650,433,watermark,567,199,632,270
644933-the-burning-candles-balls-and-gold-ribbons-it-are-christmas-Stock-Vector.jpg,650,433,watermark,573,390,632,431
644933-the-burning-candles-balls-and-gold-ribbons-it-are-christmas-Stock-Vector.jpg,650,433,watermark,395,385,453,431
644933-the-burning-candles-balls-and-gold-ribbons-it-are-christmas-Stock-Vector.jpg,650,433,watermark,204,391,267,433
644933-the-burning-candles-balls-and-gold-ribbons-it-are-christmas-Stock-Vector.jpg,650,433,watermark,27,382,85,432
65.jpg,750,564,watermark,278,261,474,303
66.jpg,750,564,watermark,278,261,474,303
68.jpg,750,564,watermark,278,261,474,303
69.jpg,750,564,watermark,278,261,474,303
70.jpg,750,564,watermark,278,261,474,303
71.jpg,750,564,watermark,278,261,474,303
72.jpg,750,564,watermark,278,261,474,303
73.jpg,750,564,watermark,278,261,474,303
74.jpg,750,564,watermark,278,261,474,303
75.jpg,750,564,watermark,278,261,474,303
79.jpg,750,564,watermark,278,261,474,303
80.jpg,750,564,watermark,278,261,474,303
82.jpg,750,564,watermark,278,261,474,303
83.jpg,750,564,watermark,278,261,474,303
84.jpg,750,564,watermark,278,261,474,303
85.jpg,750,564,watermark,278,261,474,303
86.jpg,750,564,watermark,278,261,474,303
87.jpg,750,564,watermark,278,261,474,303
88.jpg,750,564,watermark,278,261,474,303
89.jpg,750,564,watermark,278,261,474,303
90.jpg,750,564,watermark,278,261,474,303
91.jpg,750,564,watermark,278,261,474,303
92.jpg,750,564,watermark,278,261,474,303
93.jpg,750,564,watermark,278,261,474,303
94.jpg,750,564,watermark,278,261,474,303
95.jpg,750,564,watermark,278,261,474,303
96.jpg,750,564,watermark,278,261,474,303
97.jpg,750,564,watermark,278,261,474,303
98.jpg,750,564,watermark,278,261,474,303
99.jpg,750,564,watermark,278,261,474,303
fotolia_137840662.jpg,500,282,watermark,193,110,309,171
fotolia_137840662.jpg,500,282,watermark,423,264,495,280
fotolia_137840663.jpg,500,334,watermark,191,136,309,196
fotolia_137840663.jpg,500,334,watermark,421,314,495,331
fotolia_137840664.jpg,500,322,watermark,191,130,307,192
fotolia_137840664.jpg,500,322,watermark,421,304,495,320
fotolia_137840667.jpg,500,282,watermark,191,109,308,172
fotolia_137840667.jpg,500,282,watermark,422,263,495,279
fotolia_137840668.jpg,500,320,watermark,191,131,311,189
fotolia_137840668.jpg,500,320,watermark,422,301,496,317
fotolia_137840669.jpg,334,500,watermark,104,217,229,280
fotolia_137840669.jpg,334,500,watermark,256,481,331,496
fotolia_137840670.jpg,500,334,watermark,192,137,308,196
fotolia_137840670.jpg,500,334,watermark,422,316,495,331
fotolia_137840673.jpg,375,500,watermark,127,221,249,280
fotolia_137840673.jpg,375,500,watermark,296,480,371,498
fotolia_137840674.jpg,500,271,watermark,191,103,309,165
fotolia_137840674.jpg,500,271,watermark,422,253,495,268
fotolia_137840675.jpg,390,500,watermark,134,219,258,281
fotolia_137840675.jpg,390,500,watermark,311,480,386,499
fotolia_137840676.jpg,500,334,watermark,190,138,309,197
fotolia_137840676.jpg,500,334,watermark,423,317,496,331
fotolia_137840679.jpg,500,358,watermark,190,149,310,209
fotolia_137840679.jpg,500,358,watermark,421,339,495,356
fotolia_137840680.jpg,500,334,watermark,190,135,307,197
fotolia_137840680.jpg,500,334,watermark,421,316,495,331
fotolia_137840681.jpg,500,312,watermark,191,126,309,186
fotolia_137840681.jpg,500,312,watermark,423,293,494,308
fotolia_137840683.jpg,334,500,watermark,110,219,227,282
fotolia_137840683.jpg,334,500,watermark,256,479,329,497
fotolia_137840686.jpg,500,315,watermark,192,127,308,188
fotolia_137840686.jpg,500,315,watermark,421,298,495,312
fotolia_137840688.jpg,334,500,watermark,108,220,227,281
fotolia_137840688.jpg,334,500,watermark,256,482,329,497
fotolia_137840689.jpg,500,500,watermark,190,218,308,280
fotolia_137840689.jpg,500,500,watermark,422,479,496,498
fotolia_137840693.jpg,500,334,watermark,191,137,308,196
fotolia_137840693.jpg,500,334,watermark,422,316,494,331
fotolia_137840694.jpg,500,325,watermark,190,131,310,192
fotolia_137840694.jpg,500,325,watermark,423,305,496,324
fotolia_137840696.jpg,500,282,watermark,191,112,309,170
fotolia_137840696.jpg,500,282,watermark,421,265,495,279
fotolia_137840697.jpg,500,334,watermark,192,137,309,197
fotolia_137840697.jpg,500,334,watermark,422,315,494,331
fotolia_137840700.jpg,334,500,watermark,106,218,227,279
fotolia_137840700.jpg,334,500,watermark,257,481,329,498
fotolia_137840701.jpg,500,500,watermark,190,219,307,283
fotolia_137840701.jpg,500,500,watermark,423,481,495,496
fotolia_137840702.jpg,500,334,watermark,190,138,308,198
fotolia_137840702.jpg,500,334,watermark,421,317,495,331
fotolia_137840703.jpg,500,334,watermark,192,137,309,198
fotolia_137840703.jpg,500,334,watermark,422,316,495,331
fotolia_137840704.jpg,334,500,watermark,108,219,226,281
fotolia_137840704.jpg,334,500,watermark,255,481,330,496
fotolia_137840706.jpg,500,282,watermark,192,112,309,171
fotolia_137840706.jpg,500,282,watermark,419,263,495,278
fotolia_137840707.jpg,500,334,watermark,192,138,309,198
fotolia_137840707.jpg,500,334,watermark,422,315,496,331
fotolia_137840711.jpg,500,334,watermark,191,135,309,198
fotolia_137840711.jpg,500,334,watermark,421,316,495,331
fotolia_137840712.jpg,500,334,watermark,192,137,309,197
fotolia_137840712.jpg,500,334,watermark,421,315,496,332
fotolia_137840713.jpg,500,334,watermark,192,137,309,196
fotolia_137840713.jpg,500,334,watermark,423,315,495,330
fotolia_137840718.jpg,331,500,watermark,107,222,225,280
fotolia_137840718.jpg,331,500,watermark,252,479,328,497
fotolia_137840720.jpg,334,500,watermark,107,220,227,282
fotolia_137840720.jpg,334,500,watermark,256,481,330,498
fotolia_137840721.jpg,334,500,watermark,107,219,228,282
fotolia_137840721.jpg,334,500,watermark,255,481,330,499
fotolia_137840723.jpg,500,334,watermark,190,138,309,195
fotolia_137840723.jpg,500,334,watermark,420,317,495,330
fotolia_137840724.jpg,500,334,watermark,192,137,309,197
fotolia_137840724.jpg,500,334,watermark,421,318,495,331
fotolia_137840726.jpg,500,334,watermark,191,137,310,198
fotolia_137840726.jpg,500,334,watermark,422,315,495,331
fotolia_137840730.jpg,500,334,watermark,191,137,309,198
fotolia_137840730.jpg,500,334,watermark,423,316,496,331
fotolia_137840733.jpg,500,457,watermark,187,199,309,260
fotolia_137840733.jpg,500,457,watermark,420,437,496,453
fotolia_137840737.jpg,500,334,watermark,191,137,309,198
fotolia_137840737.jpg,500,334,watermark,422,315,495,330
fotolia_137840738.jpg,500,334,watermark,191,135,310,197
fotolia_137840738.jpg,500,334,watermark,422,315,495,329
fotolia_137840740.jpg,500,334,watermark,191,139,308,197
fotolia_137840740.jpg,500,334,watermark,421,314,494,330
fotolia_137840741.jpg,500,337,watermark,193,140,308,199
fotolia_137840741.jpg,500,337,watermark,423,318,495,333
fotolia_137840743.jpg,500,334,watermark,191,137,309,197
fotolia_137840743.jpg,500,334,watermark,422,317,496,330
